Workbook

Sheet Entrada e Saída
A1: Controle de Estoque
B3: Data | C3: Produto | D3: Status | E3: Quantidade
B4: 46315 | C4: Cabo USB A | D4: Entrada | E4: 15
B5: 46315 | C5: Cabo USB B | D5: Entrada | E5: 25
B6: 46315 | C6: Cabo USB C | D6: Entrada | E6: 50
B7: 46317 | C7: Cabo USB Mini | D7: Entrada | E7: 15
B8: 46318 | C8: Carregador Parede | D8: Entrada | E8: 60
B9: 46318 | C9: Carregador Indução | D9: Entrada | E9: 15
B10: 46318 | C10: Carregador Power Bank | D10: Entrada | E10: 30
B11: 46318 | C11: Carregador Veícular | D11: Entrada | E11: 50
B12: 46318 | C12: Capa Celular Samsung | D12: Entrada | E12: 20
B13: 46321 | C13: Capa Celular iPhone 17 Pro | D13: Entrada | E13: 25
B14: 46323 | C14: microSDHC 2GB | D14: Entrada | E14: 30
B15: 46323 | C15: microSDHC 4GB | D15: Entrada | E15: 30
... B29: 46327 | C29: Cabo USB Mini | D29: Saída | E29: 21

Sheet Saldo
A1: Controle de Estoque
B3: Produtos | C3: Entrada | D3: Saída | E3: Saldo | F3: Status | H3: Mínimo | I3: 0.2
B4: Cabo USB A | C4: =SUMIFS('Entrada e Saída'!E:E,'Entrada e Saída'!D:D,Saldo!$C$3,'Entrada e Saída'!C:C,Saldo!$B4) -> 15 | D4: =SUMIFS('Entrada e Saída'!E:E,'Entrada e Saída'!D:D,Saldo!$D$3,'Entrada e Saída'!C:C,Saldo!$B4) -> 3 | E4: =C4-D4 -> 12 | F4: =IF(E4<C4*$I$3,"Comprar","Ok") -> Ok
B5: Cabo USB B | C5: =SUMIFS('Entrada e Saída'!E:E,'Entrada e Saída'!D:D,Saldo!$C$3,'Entrada e Saída'!C:C,Saldo!$B5) -> 25 | D5: =SUMIFS('Entrada e Saída'!E:E,'Entrada e Saída'!D:D,Saldo!$D$3,'Entrada e Saída'!C:C,Saldo!$B5) -> 0 | E5: =C5-D5 -> 25 | F5: =IF(E5<C5*$I$3,"Comprar","Ok") -> Ok
B6: Cabo USB C | C6: =SUMIFS('Entrada e Saída'!E:E,'Entrada e Saída'!D:D,Saldo!$C$3,'Entrada e Saída'!C:C,Saldo!$B6) -> 50 | D6: =SUMIFS('Entrada e Saída'!E:E,'Entrada e Saída'!D:D,Saldo!$D$3,'Entrada e Saída'!C:C,Saldo!$B6) -> 47 | E6: =C6-D6 -> 3 | F6: =IF(E6<C6*$I$3,"Comprar","Ok") -> Comprar
B7: Cabo USB Mini | C7: =SUMIFS('Entrada e Saída'!E:E,'Entrada e Saída'!D:D,Saldo!$C$3,'Entrada e Saída'!C:C,Saldo!$B7) -> 25 | D7: =SUMIFS('Entrada e Saída'!E:E,'Entrada e Saída'!D:D,Saldo!$D$3,'Entrada e Saída'!C:C,Saldo!$B7) -> 21 | E7: =C7-D7 -> 4 | F7: =IF(E7<C7*$I$3,"Comprar","Ok") -> Comprar
B8: Carregador Parede | C8: =SUMIFS('Entrada e Saída'!E:E,'Entrada e Saída'!D:D,Saldo!$C$3,'Entrada e Saída'!C:C,Saldo!$B8) -> 60 | D8: =SUMIFS('Entrada e Saída'!E:E,'Entrada e Saída'!D:D,Saldo!$D$3,'Entrada e Saída'!C:C,Saldo!$B8) -> 0 | E8: =C8-D8 -> 60 | F8: =IF(E8<C8*$I$3,"Comprar","Ok") -> Ok
B9: Carregador Indução | C9: =SUMIFS('Entrada e Saída'!E:E,'Entrada e Saída'!D:D,Saldo!$C$3,'Entrada e Saída'!C:C,Saldo!$B9) -> 43 | D9: =SUMIFS('Entrada e Saída'!E:E,'Entrada e Saída'!D:D,Saldo!$D$3,'Entrada e Saída'!C:C,Saldo!$B9) -> 12 | E9: =C9-D9 -> 31 | F9: =IF(E9<C9*$I$3,"Comprar","Ok") -> Ok
B10: Carregador Power Bank | C10: =SUMIFS('Entrada e Saída'!E:E,'Entrada e Saída'!D:D,Saldo!$C$3,'Entrada e Saída'!C:C,Saldo!$B10) -> 30 | D10: =SUMIFS('Entrada e Saída'!E:E,'Entrada e Saída'!D:D,Saldo!$D$3,'Entrada e Saída'!C:C,Saldo!$B10) -> 0 | E10: =C10-D10 -> 30 | F10: =IF(E10<C10*$I$3,"Comprar","Ok") -> Ok
B11: Carregador Veícular | C11: =SUMIFS('Entrada e Saída'!E:E,'Entrada e Saída'!D:D,Saldo!$C$3,'Entrada e Saída'!C:C,Saldo!$B11) -> 50 | D11: =SUMIFS('Entrada e Saída'!E:E,'Entrada e Saída'!D:D,Saldo!$D$3,'Entrada e Saída'!C:C,Saldo!$B11) -> 2 | E11: =C11-D11 -> 48 | F11: =IF(E11<C11*$I$3,"Comprar","Ok") -> Ok
B12: Capa Celular Samsung | C12: =SUMIFS('Entrada e Saída'!E:E,'Entrada e Saída'!D:D,Saldo!$C$3,'Entrada e Saída'!C:C,Saldo!$B12) -> 20 | D12: =SUMIFS('Entrada e Saída'!E:E,'Entrada e Saída'!D:D,Saldo!$D$3,'Entrada e Saída'!C:C,Saldo!$B12) -> 0 | E12: =C12-D12 -> 20 | F12: =IF(E12<C12*$I$3,"Comprar","Ok") -> Ok
B13: Capa Celular iPhone 17 Pro | C13: =SUMIFS('Entrada e Saída'!E:E,'Entrada e Saída'!D:D,Saldo!$C$3,'Entrada e Saída'!C:C,Saldo!$B13) -> 25 | D13: =SUMIFS('Entrada e Saída'!E:E,'Entrada e Saída'!D:D,Saldo!$D$3,'Entrada e Saída'!C:C,Saldo!$B13) -> 21 | E13: =C13-D13 -> 4 | F13: =IF(E13<C13*$I$3,"Comprar","Ok") -> Comprar
B14: microSDHC 2GB | C14: =SUMIFS('Entrada e Saída'!E:E,'Entrada e Saída'!D:D,Saldo!$C$3,'Entrada e Saída'!C:C,Saldo!$B14) -> 30 | D14: =SUMIFS('Entrada e Saída'!E:E,'Entrada e Saída'!D:D,Saldo!$D$3,'Entrada e Saída'!C:C,Saldo!$B14) -> 0 | E14: =C14-D14 -> 30 | F14: =IF(E14<C14*$I$3,"Comprar","Ok") -> Ok
B15: microSDHC 4GB | C15: =SUMIFS('Entrada e Saída'!E:E,'Entrada e Saída'!D:D,Saldo!$C$3,'Entrada e Saída'!C:C,Saldo!$B15) -> 30 | D15: =SUMIFS('Entrada e Saída'!E:E,'Entrada e Saída'!D:D,Saldo!$D$3,'Entrada e Saída'!C:C,Saldo!$B15) -> 0 | E15: =C15-D15 -> 30 | F15: =IF(E15<C15*$I$3,"Comprar","Ok") -> Ok
... B18: microSDHC 32GB | C18: =SUMIFS('Entrada e Saída'!E:E,'Entrada e Saída'!D:D,Saldo!$C$3,'Entrada e Saída'!C:C,Saldo!$B18) -> 25 | D18: =SUMIFS('Entrada e Saída'!E:E,'Entrada e Saída'!D:D,Saldo!$D$3,'Entrada e Saída'!C:C,Saldo!$B18) -> 21 | E18: =C18-D18 -> 4 | F18: =IF(E18<C18*$I$3,"Comprar","Ok") -> Comprar

Sheet Menu
A1: Controle de Estoque
